class,interval_low,interval_high,data tab,freq,rel_freq
1,8,8.2889,8.14445,1,0.0333
2,8.2889,8.5778,8.43335,0,0.0000
3,8.5778,8.8667,8.72225,3,0.1000
4,8.8667,9.1556,9.01115,0,0.0000
5,9.1556,9.4445,9.30005,0,0.0000
6,9.4445,9.7334,9.58895,3,0.1000
7,9.7334,10.0223,9.87785,13,0.4333
8,10.0223,10.3112,10.16675,9,0.3000
9,10.3112,10.6001,10.45565,1,0.0333
