class,interval_low,interval_high,data_tab,freq,rel_freq
1,8,8.2889,8.14445,0,0.0000
2,8.2889,8.5778,8.43335,1,0.0333
3,8.5778,8.8667,8.72225,6,0.2000
4,8.8667,9.1556,9.01115,1,0.0333
5,9.1556,9.4445,9.30005,7,0.2333
6,9.4445,9.7334,9.58895,7,0.2333
7,9.7334,10.0223,9.87785,3,0.1000
8,10.0223,10.3112,10.16675,5,0.1667
9,10.3112,10.6001,10.45565,0,0.0000
